{"cameraMode":{"drawMode":0,"name":"Shaded","section":"Shading Mode"},"sceneLighting":false,"audioPlay":false,"sceneViewState":{"m_AlwaysRefresh":false,"showFog":true,"showSkybox":false,"showFlares":true,"showImageEffects":true,"showParticleSystems":true,"showVisualEffectGraphs":true,"m_FxEnabled":true},"in2DMode":false,"pivot":{"x":0.8700361251831055,"y":0.21791839599609376,"z":-0.2668609619140625},"rotation":{"x":-0.1763206571340561,"y":-0.025986041873693467,"z":0.004656432196497917,"w":-0.9839795231819153},"size":13.668501853942871,"orthographic":false}